ledger_id,_gt_txn_id,_split
LED-000000,GT-000000,val
LED-000001,GT-000001,train
LED-000002,GT-000002,train
LED-000003,GT-000003,val
LED-000004,GT-000004,train
LED-000005,GT-000005,val
LED-000006,GT-000006,train
LED-000007,GT-000007,test
LED-000008,GT-000008,train
LED-000009,GT-000009,test
LED-000011,GT-000011,train
LED-000012,GT-000012,test
LED-000013,GT-000013,val
LED-000014,GT-000014,train
LED-000015,GT-000015,train
LED-000016,GT-000016,val
LED-000017,GT-000017,train
LED-000018,GT-000018,val
LED-000021,GT-000021,train
LED-000022,GT-000022,train
LED-000023,GT-000023,train
LED-000024,GT-000024,train
LED-000025,GT-000025,test
LED-000026,GT-000026,val
LED-000027,GT-000027,train
LED-000028,GT-000028,train
LED-000029,GT-000029,train
LED-000030,GT-000030,train
LED-000031,GT-000031,train
LED-000032,GT-000032,train
LED-000033,GT-000033,train
LED-000034,GT-000034,train
LED-000035,GT-000035,test
LED-000036,GT-000036,train
LED-000037,GT-000037,train
LED-000038,GT-000038,val
LED-000039,GT-000039,train
LED-000040,GT-000040,train
LED-000041,GT-000041,train
LED-000042,GT-000042,train
LED-000043,GT-000043,train
LED-000044,GT-000044,train
LED-000045,GT-000045,train
LED-000046,GT-000046,val
LED-000047,GT-000047,train
LED-000048,GT-000048,val
LED-000049,GT-000049,train
LED-000050,GT-000050,val
LED-000051,GT-000051,test
LED-000052,GT-000052,train
LED-000053,GT-000053,train
LED-000054,GT-000054,train
LED-000055,GT-000055,train
LED-000057,GT-000057,train
LED-000058,GT-000058,train
LED-000060,GT-000060,train
LED-000062,GT-000062,train
LED-000063,GT-000063,test
LED-000064,GT-000064,val
LED-000065,GT-000065,train
LED-000066,GT-000066,val
LED-000067,GT-000067,val
LED-000068,GT-000068,train
LED-000069,GT-000069,train
LED-000070,GT-000070,val
LED-000071,GT-000071,train
LED-000072,GT-000072,train
LED-000073,GT-000073,train
LED-000074,GT-000074,val
LED-000076,GT-000076,train
LED-000077,GT-000077,train
LED-000078,GT-000078,test
LED-000079,GT-000079,val
LED-000080,GT-000080,train
LED-000081,GT-000081,train
LED-000082,GT-000082,train
LED-000083,GT-000083,train
LED-000084,GT-000084,train
LED-000085,GT-000085,train
LED-000088,GT-000088,train
LED-000089,GT-000089,train
LED-000090,GT-000090,val
LED-000092,GT-000092,train
LED-000093,GT-000093,train
LED-000094,GT-000094,test
LED-000095,GT-000095,train
LED-000096,GT-000096,train
LED-000097,GT-000097,test
LED-000098,GT-000098,train
LED-000099,GT-000099,train
LED-000100,GT-000100,train
LED-000101,GT-000101,test
LED-000102,GT-000102,train
LED-000103,GT-000103,train
LED-000104,GT-000104,train
LED-000105,GT-000105,test
LED-000106,GT-000106,train
LED-000107,GT-000107,test
LED-000108,GT-000108,test
LED-000109,GT-000109,train
LED-000110,GT-000110,train
LED-000111,GT-000111,train
LED-000112,GT-000112,train
LED-000113,GT-000113,train
LED-000114,GT-000114,train
LED-000115,GT-000115,train
LED-000116,GT-000116,train
LED-000117,GT-000117,test
LED-000118,GT-000118,train
LED-000119,GT-000119,train
LED-000120,GT-000120,val
LED-000121,GT-000121,train
LED-000122,GT-000122,train
LED-000123,GT-000123,train
LED-000124,GT-000124,val
LED-000125,GT-000125,train
LED-000126,GT-000126,train
LED-000127,GT-000127,train
LED-000128,GT-000128,train
LED-000129,GT-000129,train
LED-000130,GT-000130,val
LED-000131,GT-000131,train
LED-000132,GT-000132,test
LED-000133,GT-000133,test
LED-000134,GT-000134,train
LED-000135,GT-000135,train
LED-000136,GT-000136,train
LED-000137,GT-000137,train
LED-000138,GT-000138,train
LED-000139,GT-000139,train
LED-000140,GT-000140,train
LED-000141,GT-000141,val
LED-000142,GT-000142,train
LED-000143,GT-000143,val
LED-000144,GT-000144,test
LED-000145,GT-000145,test
LED-000146,GT-000146,train
LED-000147,GT-000147,train
LED-000148,GT-000148,train
LED-000149,GT-000149,train
LED-000150,GT-000150,val
LED-000151,GT-000151,train
LED-000152,GT-000152,train
LED-000154,GT-000154,val
LED-000155,GT-000155,train
LED-000156,GT-000156,train
LED-000158,GT-000158,train
LED-000160,GT-000160,train
LED-000161,GT-000161,train
LED-000162,GT-000162,test
LED-000163,GT-000163,val
LED-000164,GT-000164,test
LED-000165,GT-000165,train
LED-000166,GT-000166,train
LED-000167,GT-000167,test
LED-000168,GT-000168,train
LED-000169,GT-000169,train
LED-000170,GT-000170,train
LED-000171,GT-000171,train
LED-000172,GT-000172,test
LED-000173,GT-000173,train
LED-000174,GT-000174,val
LED-000176,GT-000176,val
LED-000177,GT-000177,test
LED-000178,GT-000178,test
LED-000179,GT-000179,train
LED-000180,GT-000180,train
LED-000181,GT-000181,train
LED-000182,GT-000182,val
LED-000183,GT-000183,test
LED-000184,GT-000184,train
LED-000185,GT-000185,train
LED-000186,GT-000186,train
LED-000187,GT-000187,train
LED-000188,GT-000188,train
LED-000189,GT-000189,val
LED-000190,GT-000190,train
LED-000191,GT-000191,train
LED-000192,GT-000192,train
LED-000193,GT-000193,train
LED-000195,GT-000195,train
LED-000196,GT-000196,train
LED-000197,GT-000197,test
LED-000198,GT-000198,val
LED-000199,GT-000199,val
LED-000200,GT-000200,train
LED-000202,GT-000202,train
LED-000203,GT-000203,test
LED-000204,GT-000204,train
LED-000205,GT-000205,train
LED-000206,GT-000206,train
LED-000207,GT-000207,train
LED-000208,GT-000208,test
LED-000209,GT-000209,train
LED-000210,GT-000210,train
LED-000211,GT-000211,test
LED-000213,GT-000213,train
LED-000214,GT-000214,train
LED-000215,GT-000215,train
LED-000216,GT-000216,train
LED-000217,GT-000217,val
LED-000218,GT-000218,val
LED-000219,GT-000219,train
LED-000220,GT-000220,train
LED-000221,GT-000221,train
LED-000224,GT-000224,train
LED-000225,GT-000225,train
LED-000226,GT-000226,val
LED-000227,GT-000227,val
LED-000228,GT-000228,train
LED-000229,GT-000229,train
LED-000231,GT-000231,train
LED-000232,GT-000232,train
LED-000234,GT-000234,train
LED-000235,GT-000235,train
LED-000236,GT-000236,train
LED-000237,GT-000237,val
LED-000238,GT-000238,test
LED-000239,GT-000239,train
LED-000242,GT-000242,val
LED-000243,GT-000243,test
LED-000245,GT-000245,train
LED-000246,GT-000246,train
LED-000247,GT-000247,val
LED-000248,GT-000248,train
LED-000249,GT-000249,val
LED-000250,GT-000250,val
LED-000251,GT-000251,train
LED-000252,GT-000252,train
LED-000253,GT-000253,train
LED-000254,GT-000254,test
LED-000255,GT-000255,train
LED-000256,GT-000256,test
LED-000258,GT-000258,val
LED-000259,GT-000259,train
LED-000260,GT-000260,val
LED-000261,GT-000261,train
LED-000262,GT-000262,train
LED-000263,GT-000263,train
LED-000265,GT-000265,train
LED-000266,GT-000266,train
LED-000267,GT-000267,val
LED-000268,GT-000268,train
LED-000269,GT-000269,val
LED-000270,GT-000270,val
LED-000271,GT-000271,test
LED-000272,GT-000272,val
LED-000273,GT-000273,train
LED-000274,GT-000274,train
LED-000275,GT-000275,train
LED-000276,GT-000276,val
LED-000278,GT-000278,train
LED-000279,GT-000279,train
LED-000280,GT-000280,train
LED-000281,GT-000281,train
LED-000282,GT-000282,val
LED-000283,GT-000283,train
LED-000284,GT-000284,train
LED-000285,GT-000285,test
LED-000286,GT-000286,test
LED-000287,GT-000287,val
LED-000288,GT-000288,val
LED-000289,GT-000289,train
LED-000290,GT-000290,train
LED-000292,GT-000292,train
LED-000294,GT-000294,train
LED-000296,GT-000296,train
LED-000297,GT-000297,val
LED-000298,GT-000298,train
LED-000299,GT-000299,val
LED-000300,GT-000300,train
LED-000301,GT-000301,train
LED-000302,GT-000302,train
LED-000303,GT-000303,test
LED-000306,GT-000306,train
LED-000307,GT-000307,train
LED-000308,GT-000308,train
LED-000309,GT-000309,val
LED-000310,GT-000310,train
LED-000312,GT-000312,train
LED-000313,GT-000313,train
LED-000314,GT-000314,train
LED-000315,GT-000315,val
LED-000316,GT-000316,train
LED-000318,GT-000318,val
LED-000319,GT-000319,val
LED-000320,GT-000320,train
LED-000321,GT-000321,val
LED-000322,GT-000322,train
LED-000323,GT-000323,train
LED-000324,GT-000324,train
LED-000325,GT-000325,train
LED-000326,GT-000326,val
LED-000327,GT-000327,val
LED-000328,GT-000328,train
LED-000329,GT-000329,train
LED-000330,GT-000330,train
LED-000331,GT-000331,test
LED-000332,GT-000332,test
LED-000333,GT-000333,train
LED-000335,GT-000335,train
LED-000336,GT-000336,train
LED-000338,GT-000338,test
LED-000339,GT-000339,train
LED-000340,GT-000340,test
LED-000341,GT-000341,train
LED-000342,GT-000342,train
LED-000344,GT-000344,test
LED-000346,GT-000346,train
LED-000347,GT-000347,train
LED-000348,GT-000348,train
LED-000349,GT-000349,train
LED-000350,GT-000350,train
LED-000351,GT-000351,train
LED-000352,GT-000352,train
LED-000353,GT-000353,train
LED-000354,GT-000354,train
LED-000355,GT-000355,test
LED-000356,GT-000356,val
LED-000357,GT-000357,train
LED-000358,GT-000358,train
LED-000359,GT-000359,test
LED-000360,GT-000360,train
LED-000361,GT-000361,train
LED-000362,GT-000362,train
LED-000363,GT-000363,train
LED-000364,GT-000364,val
LED-000365,GT-000365,train
LED-000366,GT-000366,train
LED-000367,GT-000367,train
LED-000368,GT-000368,val
LED-000369,GT-000369,train
LED-000371,GT-000371,val
LED-000372,GT-000372,test
LED-000373,GT-000373,train
LED-000374,GT-000374,val
LED-000375,GT-000375,val
LED-000376,GT-000376,train
LED-000377,GT-000377,train
LED-000378,GT-000378,val
LED-000379,GT-000379,train
LED-000380,GT-000380,train
LED-000381,GT-000381,train
LED-000382,GT-000382,test
LED-000383,GT-000383,train
LED-000385,GT-000385,test
LED-000386,GT-000386,train
LED-000387,GT-000387,train
LED-000388,GT-000388,train
LED-000389,GT-000389,train
LED-000390,GT-000390,train
LED-000391,GT-000391,train
LED-000392,GT-000392,test
LED-000393,GT-000393,train
LED-000394,GT-000394,train
LED-000395,GT-000395,val
LED-000396,GT-000396,train
LED-000397,GT-000397,train
LED-000398,GT-000398,train
LED-000399,GT-000399,train
LED-000400,GT-000400,test
LED-000402,GT-000402,val
LED-000403,GT-000403,train
LED-000404,GT-000404,test
LED-000405,GT-000405,test
LED-000407,GT-000407,test
LED-000408,GT-000408,val
LED-000409,GT-000409,train
LED-000410,GT-000410,train
LED-000411,GT-000411,train
LED-000412,GT-000412,train
LED-000413,GT-000413,train
LED-000414,GT-000414,train
LED-000415,GT-000415,test
LED-000416,GT-000416,train
LED-000417,GT-000417,val
LED-000419,GT-000419,train
LED-000420,GT-000420,train
LED-000421,GT-000421,train
LED-000422,GT-000422,train
LED-000423,GT-000423,train
LED-000424,GT-000424,train
LED-000425,GT-000425,train
LED-000426,GT-000426,train
LED-000427,GT-000427,train
LED-000428,GT-000428,test
LED-000429,GT-000429,val
LED-000430,GT-000430,train
LED-000431,GT-000431,train
LED-000432,GT-000432,test
LED-000433,GT-000433,train
LED-000434,GT-000434,test
LED-000435,GT-000435,val
LED-000436,GT-000436,train
LED-000437,GT-000437,train
LED-000438,GT-000438,train
LED-000439,GT-000439,test
LED-000440,GT-000440,train
LED-000442,GT-000442,val
LED-000443,GT-000443,train
LED-000444,GT-000444,train
LED-000446,GT-000446,test
LED-000447,GT-000447,train
LED-000448,GT-000448,train
LED-000450,GT-000450,val
LED-000451,GT-000451,train
LED-000452,GT-000452,val
LED-000454,GT-000454,test
LED-000455,GT-000455,train
LED-000456,GT-000456,val
LED-000457,GT-000457,train
LED-000458,GT-000458,train
LED-000459,GT-000459,train
LED-000460,GT-000460,val
LED-000461,GT-000461,train
LED-000462,GT-000462,train
LED-000463,GT-000463,train
LED-000464,GT-000464,train
LED-000465,GT-000465,train
LED-000466,GT-000466,train
LED-000467,GT-000467,train
LED-000468,GT-000468,train
LED-000469,GT-000469,train
LED-000470,GT-000470,test
LED-000471,GT-000471,train
LED-000472,GT-000472,train
LED-000473,GT-000473,train
LED-000474,GT-000474,test
LED-000475,GT-000475,train
LED-000476,GT-000476,train
LED-000477,GT-000477,train
LED-000478,GT-000478,test
LED-000479,GT-000479,test
LED-000480,GT-000480,test
LED-000481,GT-000481,test
LED-000482,GT-000482,train
LED-000483,GT-000483,val
LED-000484,GT-000484,train
LED-000485,GT-000485,test
LED-000486,GT-000486,train
LED-000487,GT-000487,train
LED-000490,GT-000490,val
LED-000491,GT-000491,test
LED-000492,GT-000492,train
LED-000493,GT-000493,train
LED-000494,GT-000494,train
LED-000495,GT-000495,train
LED-000496,GT-000496,val
LED-000497,GT-000497,val
LED-000498,GT-000498,train
LED-000499,GT-000499,train
LED-000500,GT-000500,train
LED-000501,GT-000501,test
LED-000503,GT-000503,train
LED-000504,GT-000504,train
LED-000505,GT-000505,val
LED-000506,GT-000506,train
LED-000507,GT-000507,train
LED-000508,GT-000508,train
LED-000509,GT-000509,test
LED-000510,GT-000510,train
LED-000511,GT-000511,val
LED-000512,GT-000512,train
LED-000513,GT-000513,train
LED-000514,GT-000514,train
LED-000516,GT-000516,train
LED-000517,GT-000517,train
LED-000518,GT-000518,val
LED-000519,GT-000519,test
LED-000520,GT-000520,test
LED-000521,GT-000521,train
LED-000522,GT-000522,train
LED-000524,GT-000524,train
LED-000525,GT-000525,val
LED-000526,GT-000526,val
LED-000527,GT-000527,val
LED-000528,GT-000528,train
LED-000529,GT-000529,test
LED-000531,GT-000531,train
LED-000532,GT-000532,train
LED-000534,GT-000534,train
LED-000535,GT-000535,train
LED-000536,GT-000536,test
LED-000537,GT-000537,train
LED-000538,GT-000538,train
LED-000539,GT-000539,train
LED-000540,GT-000540,train
LED-000541,GT-000541,train
LED-000542,GT-000542,train
LED-000543,GT-000543,train
LED-000544,GT-000544,train
LED-000545,GT-000545,train
LED-000546,GT-000546,train
LED-000548,GT-000548,train
LED-000549,GT-000549,train
LED-000550,GT-000550,val
LED-000551,GT-000551,train
LED-000552,GT-000552,val
LED-000553,GT-000553,test
LED-000554,GT-000554,train
LED-000555,GT-000555,train
LED-000556,GT-000556,train
LED-000557,GT-000557,train
LED-000559,GT-000559,val
LED-000560,GT-000560,val
LED-000562,GT-000562,train
LED-000563,GT-000563,train
LED-000564,GT-000564,train
LED-000565,GT-000565,train
LED-000568,GT-000568,test
LED-000569,GT-000569,val
LED-000571,GT-000571,train
LED-000572,GT-000572,train
LED-000573,GT-000573,val
LED-000574,GT-000574,train
LED-000575,GT-000575,train
LED-000576,GT-000576,test
LED-000578,GT-000578,train
LED-000579,GT-000579,val
LED-000580,GT-000580,train
LED-000581,GT-000581,train
LED-000582,GT-000582,val
LED-000583,GT-000583,train
LED-000584,GT-000584,train
LED-000585,GT-000585,train
LED-000587,GT-000587,train
LED-000588,GT-000588,train
LED-000589,GT-000589,train
LED-000590,GT-000590,test
LED-000591,GT-000591,train
LED-000592,GT-000592,train
LED-000593,GT-000593,val
LED-000594,GT-000594,train
LED-000596,GT-000596,train
LED-000597,GT-000597,train
LED-000598,GT-000598,train
LED-000264,GT-000264,test
LED-000561,GT-000561,test
LED-000020,GT-000020,test
LED-000153,GT-000153,test
LED-000384,GT-000384,test
LED-000291,GT-000291,train
LED-000337,GT-000337,train
LED-000567,GT-000567,train
LED-000244,GT-000244,train
LED-000277,GT-000277,train
LED-000586,GT-000586,train
LED-000010,GT-000010,train
LED-000222,GT-000222,train
LED-000523,GT-000523,train
LED-000530,GT-000530,train
LED-000061,GT-000061,train
LED-000241,GT-000241,train
LED-000406,GT-000406,train
LED-000441,GT-000441,train
LED-000577,GT-000577,train
LED-000317,GT-000317,train
LED-000019,GT-000019,train
LED-000489,GT-000489,train
LED-000558,GT-000558,train
LED-000595,GT-000595,train
LED-000240,GT-000240,train
LED-000445,GT-000445,train
LED-000599,GT-000599,train
LED-000086,GT-000086,train
LED-000570,GT-000570,train
LED-000257,GT-000257,train
LED-000056,GT-000056,train
LED-000418,GT-000418,train
LED-000223,GT-000223,train
LED-000311,GT-000311,train
LED-000449,GT-000449,train
LED-000201,GT-000201,train
LED-000305,GT-000305,train
LED-000453,GT-000453,train
LED-000547,GT-000547,train
LED-000533,GT-000533,train
LED-000075,GT-000075,train
LED-000230,GT-000230,val
LED-000345,GT-000345,val
LED-000304,GT-000304,val
LED-000295,GT-000295,val
LED-000488,GT-000488,val
LED-000157,GT-000157,val
LED-000293,GT-000293,val
LED-000087,GT-000087,val
