ledger_id,vendor_name,amount,txn_date,reference_id,description
LED-000000,HDFC Bank Limited,6398.94,2026-03-12,RZP2117550026,Subscription charge RZP2117550026
LED-000001,Urban Company Technologies Private Limited,104967.03,2026-04-25,RZP5808631930,Payment for invoice RZP5808631930
LED-000002,Nykaa E-Retail Private Limited,150990.95,2026-01-12,RZP7593586857,Merchant settlement batch RZP7593586857
LED-000003,Mahindra & Mahindra Ltd,246307.6,2026-03-01,RZP8348136760,Payment for invoice RZP8348136760
LED-000004,Wipro Limited,40976.11,2026-04-08,RZP2962370884,Payment for invoice RZP2962370884
LED-000005,Cred Dreamplug Technologies Private Limited,219110.45,2026-03-22,RZP2486117574,Service fee RZP2486117574
LED-000006,Wpiro Limited,249331.85,2026-02-05,RZP5001674039,Order settlement RZP5001674039
LED-000007,Urban Company Technologies Private Limited,215215.81,2026-01-03,RZP6187732107,Vendor payout RZP6187732107
LED-000008,Ola Cabs Private Limited,190526.26,2026-05-10,RZP9826617575,Payment for invoice RZP9826617575
LED-000009,BigBasket Innovative Retail Concepts,5016.26,2026-04-03,RZP8830890407,Payment for invoice RZP8830890407
LED-000010,BigBasket Innovative Retail Concepts,236720.14,2026-02-12,RZP2842572396,Order settlement RZP2842572396
LED-000011,Flipkart Internet Private Limited,30382.9,2026-02-27,RZP0055070003,Order settlement RZP0055070003
LED-000012,BigBasket Innovative Retail Concepts,53677.07,2026-02-03,RZP7852440634,Merchant settlement batch RZP7852440634
LED-000013,HDFC Bank Limited,15294.08,2026-03-28,RZP8115114808,Payment for invoice RZP8115114808
LED-000014,URBANCOMPANY,209031.49,2026-01-24,RZP9814240392,Subscription charge RZP9814240392
LED-000015,Urban Company Technologies Private Limited,165518.55,2026-05-05,RZP1295570558,Payment for invoice RZP1295570558
LED-000016,Ola Cabs Private Limited,20165.85,2026-02-17,RZP0084955006,Merchant settlement batch RZP0084955006
LED-000017,Adani Enterprises Limited,51184.16,2026-03-22,RZP2362370499,Order settlement RZP2362370499
LED-000018,Ola Cabs Private Limited,66410.32,2026-03-31,RZP8831876960,Vendor payout RZP8831876960
LED-000019,HDFC Bank Limited,234741.66,2026-02-04,RZP2871223685,Order settlement RZP2871223685
LED-000020,Tata Consultancy Services,23210.77,2026-04-19,RZP8031914751,Order settlement RZP8031914751
LED-000021,URBANCOMPANY,9151.63,2026-04-05,RZP5113878822,Service fee RZP5113878822
LED-000022,URBANCOMPANY,221051.06,2026-04-15,RZP9792171419,Payment for invoice RZP9792171419
LED-000023,Wipro Limited,66811.41,2026-06-29,RZP1882843720,Merchant settlement batch RZP1882843720
LED-000024,Adani Enterprises Limited,216108.58,2026-03-13,RZP3568308259,Merchant settlement batch RZP3568308259
LED-000025,PhonePe Private Limited,86519.92,2026-03-22,RZP4918104586,Order settlement RZP4918104586
LED-000026,Larsen & Toubro Limited,91150.73,2026-01-18,RZP9966195636,Subscription charge RZP9966195636
LED-000027,PhonePe Private Limited,166282.62,2026-04-08,RZP6963502456,Order settlement RZP6963502456
LED-000028,Larsen & Toubro Limited,127866.82,2026-02-13,RZP6266092381,Order settlement RZP6266092381
LED-000029,BigBasket Innovative Retail Concepts,152876.8,2026-01-19,RZP4857331688,Subscription charge RZP4857331688
LED-000030,Wipro Limited,44095.29,2026-06-28,RZP5028486959,Merchant settlement batch RZP5028486959
LED-000031,Ola Cabs Private Limited,106771.18,2026-05-21,RZP4184782742,Order settlement RZP4184782742
LED-000032,Mahindra & Mahindra Limited,58738.22,2026-03-27,RZP3512670454,Order settlement RZP3512670454
LED-000033,Swiggy Bundl Technologies Private Limited,226223.89,2026-05-30,RZP9085492388,Vendor payout RZP9085492388
LED-000034,URBANCOMPANY,199997.06,2026-02-26,RZP4243677899,Payment for invoice RZP4243677899
LED-000035,Swiggy Bundl Technologies Private Limited,148034.41,2026-06-19,RZP0614032373,Payment for invoice RZP0614032373
LED-000036,PhonePe Private Limited,63180.04,2026-01-21,RZP4709209002,Subscription charge RZP4709209002
LED-000037,Wipro Limited,31686.31,2026-06-21,RZP1942369771,Subscription charge RZP1942369771
LED-000038,Reliance Industries Limited,232232.46,2026-05-28,RZP6937066178,Payment for invoice RZP6937066178
LED-000039,Cred Dreamplug Technologies Private Limited,195691.44,2026-03-30,RZP5606044438,Subscription charge RZP5606044438
LED-000040,PhonePe Private Limited,44157.82,2026-05-14,RZP9285447288,Order settlement RZP9285447288
LED-000041,Flipkart Internet Private Limited,61079.28,2026-04-29,RZP5634343225,Payment for invoice RZP5634343225
LED-000042,Ola Cabs Private Limited,237023.44,2026-01-22,RZP2452474024,Order settlement RZP2452474024
LED-000043,Cred Dreamplug Technologies Private Limited,92349.76,2026-05-22,RZP5473722111,Payment for invoice RZP5473722111
LED-000044,Bharti Airtel Limited,48006.51,2026-05-04,RZP2575982337,Service fee RZP2575982337
LED-000045,Tata Consultancy Services,138406.74,2026-06-28,RZP9671024392,Vendor payout RZP9671024392
LED-000046,Infosys Limited,100266.75,2026-01-19,RZP5618902545,Vendor payout RZP5618902545
LED-000047,Ola Cabs Private Limited,95187.45,2026-04-24,RZP2545090762,Service fee RZP2545090762
LED-000048,Bharti Airtel Limited,138065.26,2026-02-10,RZP0452277469,Order settlement RZP0452277469
LED-000049,Larsen & Toubro Limited,106370.97,2026-05-20,RZP2121075894,Order settlement RZP2121075894
LED-000050,SWIGGY,235677.66,2026-05-09,RZP5458760268,Service fee RZP5458760268
LED-000051,Adani Enterprises Ltd,144125.31,2026-02-14,RZP4691564033,Service fee RZP4691564033
LED-000052,Bharti Airtel Limited,82551.45,2026-06-27,RZP4647002178,Merchant settlement batch RZP4647002178
LED-000053,Urban Company Technologies Pvt Ltd,115574.79,2026-01-14,RZP1376725946,Vendor payout RZP1376725946
LED-000054,Meesho Fashnear Technologies,199858.54,2026-02-10,RZP3042819619,Subscription charge RZP3042819619
LED-000055,Adani Enterprises Ltd,103960.26,2026-05-04,RZP9253958827,Merchant settlement batch RZP9253958827
LED-000056,Ola Cabs Private Limited,66903.09,2026-01-01,RZP2259415355,Service fee RZP2259415355
LED-000057,Larsen & Toubro Limited,245196.54,2026-03-03,RZP5270778368,Order settlement RZP5270778368
LED-000058,Tata Consultancy Services,31692.63,2026-06-01,RZP3180901890,Service fee RZP3180901890
LED-000060,Infosys Limited,108577.77,2026-01-26,RZP7711203034,Vendor payout RZP7711203034
LED-000061,Cred Dreamplug Technologies Private Limited,170497.82,2026-02-16,RZP1086291422,Subscription charge RZP1086291422
LED-000062,FLIPKART,225317.17,2026-06-23,RZP5099296439,Payment for invoice RZP5099296439
LED-000063,Swiggy Bundl Technologies Private Limited,143044.88,2026-05-28,RZP2608308799,Payment for invoice RZP2608308799
LED-000064,Mahindra Mahindra Ltd,193968.88,2026-02-28,RZP6366676869,Subscription charge RZP6366676869
LED-000065,Flipkart Internet Private Limited,8486.13,2026-04-04,RZP7027115959,Service fee RZP7027115959
LED-000066,BigBasket Innovative Retail Concepts,241850.91,2026-03-17,RZP7319198799,Order settlement RZP7319198799
LED-000067,Swiggy Bundl Technologies Private Limited,3627.58,2026-05-18,RZP1372363646,Vendor payout RZP1372363646
LED-000068,Meesho Fashnear Technologies,55458.59,2026-01-17,RZP6476100912,Order settlement RZP6476100912
LED-000069,Flipkart Internet Private Limited,92847.23,2026-06-28,RZP9471404490,Subscription charge RZP9471404490
LED-000070,Flipkart Internet Private Limited,237646.21,2026-04-03,RZP0659331184,Vendor payout RZP0659331184
LED-000071,Fashnear Technologies Ltd,242777.66,2026-01-13,RZP7215072283,Merchant settlement batch RZP7215072283
LED-000072,Meesho Fashnear Technologies,858.46,2026-02-07,RZP9571813750,Order settlement RZP9571813750
LED-000073,PhonePe Private Limited,131592.47,2026-01-17,RZP4751590785,Service fee RZP4751590785
LED-000074,Reliance Industries Limited,15347.23,2026-05-03,RZP8417483116,Service fee RZP8417483116
LED-000075,Zomato Limited,95318.96,2026-06-02,RZP5460786772,Order settlement RZP5460786772
LED-000076,PhonePe Private Limited,84832.06,2026-04-27,RZP3733296400,Payment for invoice RZP3733296400
LED-000077,Nykaa Pvt Ltd,202970.56,2026-05-23,RZP0956489490,Vendor payout RZP0956489490
LED-000078,Nykaa E-Retail Private Limited,26034.6,2026-05-10,RZP2621837588,Service fee RZP2621837588
LED-000079,Meesho Fashnear Technologies,168792.93,2026-05-23,RZP0982173308,Payment for invoice RZP0982173308
LED-000080,Infosy sLimited,35597.38,2026-06-12,RZP9053413395,Subscription charge RZP9053413395
LED-000081,Meesho Fashnear Technologies,12583.16,2026-01-21,RZP2644271426,Service fee RZP2644271426
LED-000082,Mahindra & Mahindra Limited,11497.53,2026-04-12,RZP9029772144,Merchant settlement batch RZP9029772144
LED-000083,Wipro Limited,125140.55,2026-06-21,RZP8080098557,Vendor payout RZP8080098557
LED-000084,Swiggy Bundl Technologies Private Limited,5361.01,2026-03-25,RZP1946341440,Merchant settlement batch RZP1946341440
LED-000085,Wipro Limited,83367.2,2026-02-13,RZP0651739611,Payment for invoice RZP0651739611
LED-000086,Meesho Fashnear Technologies,38344.52,2026-06-17,RZP0964556869,Subscription charge RZP0964556869
LED-000087,Zomato Limited,37866.71,2026-01-18,RZP4675304032,Order settlement RZP4675304032
LED-000088,Infosys Limited,153809.85,2026-05-10,RZP3597095165,Merchant settlement batch RZP3597095165
LED-000089,Zomato Limited,245599.04,2026-01-22,RZP5124451324,Payment for invoice RZP5124451324
LED-000090,Tata Consultancy Services,197338.35,2026-06-15,RZP3353289610,Subscription charge RZP3353289610
LED-000092,Ola Cabs Private Limited,23499.22,2026-06-21,RZP4331294210,Service fee RZP4331294210
LED-000093,Urban Company Technologies Private Limited,208804.69,2026-05-15,RZP0371318781,Payment for invoice RZP0371318781
LED-000094,NYKAA,169139.28,2026-03-02,RZP9677229791,Payment for invoice RZP9677229791
LED-000095,Flipkart Internet Private Limited,115500.74,2026-03-14,RZP7541168043,Vendor payout RZP7541168043
LED-000096,Ola Cabs Private Limited,212813.84,2026-03-14,RZP0145809889,Vendor payout RZP0145809889
LED-000097,Ola Cabs Private Limited,93584.28,2026-04-09,RZP9309867128,Subscription charge RZP9309867128
LED-000098,BIGBASKET INNOVATIVE RETAIL CONCEPTS,112233.08,2026-01-02,RZP9021964721,Service fee RZP9021964721
LED-000099,Meesho Fashnear Technologies,114359.84,2026-01-29,RZP8456572035,Service fee RZP8456572035
LED-000100,Infosys Limited,130942.62,2026-04-03,RZP0559534692,Subscription charge RZP0559534692
LED-000101,Infosys Limited,86298.9,2026-06-18,RZP6773058174,Payment for invoice RZP6773058174
LED-000102,Bharti Airtel Limited,202902.7,2026-01-17,RZP7902783338,Subscription charge RZP7902783338
LED-000103,Larsen & Toubro Limited,71634.81,2026-01-13,RZP8313878394,Vendor payout RZP8313878394
LED-000104,Ola Cabs Private Limited,66790.17,2026-01-22,RZP7068530636,Payment for invoice RZP7068530636
LED-000105,Flipkart Internet Pvt Ltd,87984.01,2026-01-11,RZP7964670645,Order settlement RZP7964670645
LED-000106,Reliance Industries Limited,35823.45,2026-06-05,RZP6412639014,Vendor payout RZP6412639014
LED-000107,Infosys Limited,143544.36,2026-05-16,RZP3329015917,Service fee RZP3329015917
LED-000108,Meesho Fashnear Technologies,71501.38,2026-05-06,RZP2101798996,Merchant settlement batch RZP2101798996
LED-000109,URBAN COMPANY TECHNOLOGIES PRIVATE LIMITED,72697.02,2026-03-18,RZP8796751217,Order settlement RZP8796751217
LED-000110,Cred Dreamplug Technologies Private Limited,92322.45,2026-05-22,RZP1803744451,Subscription charge RZP1803744451
LED-000111,Flipkart Internet Private Limited,116538.42,2026-05-13,RZP3876194901,Vendor payout RZP3876194901
LED-000112,Bharti Airtel Limited,80766.79,2026-02-27,RZP3988265135,Vendor payout RZP3988265135
LED-000113,Cred Dreamplug Technologies Private Limited,235410.51,2026-02-09,RZP1693908097,Vendor payout RZP1693908097
LED-000114,Cred Dreamplug Technologies Private Limited,104234.21,2026-06-13,RZP0856328446,Merchant settlement batch RZP0856328446
LED-000115,BigBasket Innovative Retail Concepts,116190.87,2026-03-29,RZP6377891353,Subscription charge RZP6377891353
LED-000116,Flipkart Internet Private Limited,62092.53,2026-01-25,RZP0984998971,Subscription charge RZP0984998971
LED-000117,Ola Cabs Pvt Ltd,116783.76,2026-03-20,RZP4034250258,Service fee RZP4034250258
LED-000118,Urban Company Technologies Private Limited,2193.12,2026-01-28,RZP4877345150,Merchant settlement batch RZP4877345150
LED-000119,Urban Company Technologies Private Limited,70038.21,2026-06-09,RZP6193739715,Vendor payout RZP6193739715
LED-000120,Tata Consultancy Services,34388.54,2026-03-27,RZP8518193368,Payment for invoice RZP8518193368
LED-000121,Ola Cabs Private Limited,133155.11,2026-05-25,RZP2836957760,Vendor payout RZP2836957760
LED-000122,Cred Dreamplug Technologies Private Limited,144471.95,2026-01-14,RZP5166816091,Payment for invoice RZP5166816091
LED-000123,PhonePe Private Limited,37985.1,2026-06-26,RZP2564877559,Vendor payout RZP2564877559
LED-000124,Zomato Limited,239177.87,2026-04-28,RZP9337766612,Payment for invoice RZP9337766612
LED-000125,M AND M LIMITED,192827.89,2026-02-23,RZP6445972558,Service fee RZP6445972558
LED-000126,ICICI Bank Limited,72719.6,2026-03-15,RZP9096728252,Order settlement RZP9096728252
LED-000127,Cred Dreamplug Technologies Private Limited,59934.62,2026-01-13,RZP6560471705,Order settlement RZP6560471705
LED-000128,BigBasket Innovative Retail Concepts,119440.51,2026-02-21,RZP7220762780,Service fee RZP7220762780
LED-000129,Airtel Ltd,233490.56,2026-01-10,RZP9349998051,Payment for invoice RZP9349998051
LED-000130,Urban Company Technologies Private Limited,131150.99,2026-02-04,RZP8411142177,Merchant settlement batch RZP8411142177
LED-000131,Larsen & Toubro Limited,43997.4,2026-06-13,RZP8850611322,Order settlement RZP8850611322
LED-000132,Adani Enterprises Limited,238515.6,2026-03-19,RZP5523264169,Merchant settlement batch RZP5523264169
LED-000133,HDFC Bank Limited,159732.02,2026-03-17,RZP3294493797,Merchant settlement batch RZP3294493797
LED-000134,Wipro Limited,170133.43,2026-06-02,RZP8047050555,Order settlement RZP8047050555
LED-000135,Ola Cabs Private Limited,110543.86,2026-06-24,RZP2505845404,Vendor payout RZP2505845404
LED-000136,Swiggy Pvt Ltd,63726.14,2026-01-01,RZP7503099090,Order settlement RZP7503099090
LED-000137,ICICI Bank Limited,191492.05,2026-06-15,RZP9384930981,Service fee RZP9384930981
LED-000138,Urban Company Technologies Private Limited,98355.7,2026-02-02,RZP7200265582,Order settlement RZP7200265582
LED-000139,Larsen & Toubro Limited,234361.98,2026-01-29,RZP0669820546,Service fee RZP0669820546
LED-000140,Tata Consult Services,100656.0,2026-03-01,RZP5771929557,Order settlement RZP5771929557
LED-000141,ICICI Bank Limited,246426.04,2026-05-14,RZP2309896449,Payment for invoice RZP2309896449
LED-000142,OLACABS,79785.8,2026-04-17,RZP4215228140,Subscription charge RZP4215228140
LED-000143,Urban Company Technologies Private Limited,132568.45,2026-04-10,RZP2269807126,Merchant settlement batch RZP2269807126
LED-000144,Infosys Limited,47162.6,2026-05-31,RZP7548390991,Merchant settlement batch RZP7548390991
LED-000145,Wipro Limited,173952.23,2026-02-22,RZP3232463384,Service fee RZP3232463384
LED-000146,Zomato Limited,228595.48,2026-04-05,RZP3087055721,Order settlement RZP3087055721
LED-000147,Wipro Limited,124900.48,2026-06-17,RZP9374774731,Service fee RZP9374774731
LED-000148,Urban Company Technologies Private Limited,247582.34,2026-01-16,RZP5808001601,Subscription charge RZP5808001601
LED-000149,Nykaa E-Retail Private Limited,15253.46,2026-06-13,RZP6644050529,Service fee RZP6644050529
LED-000150,PhonePe Private Limited,201571.0,2026-02-15,RZP1011582334,Service fee RZP1011582334
LED-000151,Wipro Limited,75098.66,2026-01-21,RZP6870350014,Payment for invoice RZP6870350014
LED-000152,Zomato Limited,141529.28,2026-01-25,RZP8929652962,Order settlement RZP8929652962
LED-000153,TCS,44961.72,2026-03-22,RZP0218892558,Vendor payout RZP0218892558
LED-000154,Zomato Limited,96053.98,2026-02-05,RZP7607302066,Payment for invoice RZP7607302066
LED-000155,Zomato Limited,7551.97,2026-03-11,RZP7425315372,Order settlement RZP7425315372
LED-000156,Infoyss Limited,67102.81,2026-04-08,RZP7673103321,Service fee RZP7673103321
LED-000157,Urban Company Technologies Private Limited,138751.79,2026-04-15,RZP1055780477,Merchant settlement batch RZP1055780477
LED-000158,Wipro Limited,143054.31,2026-02-13,RZP6122112273,Merchant settlement batch RZP6122112273
LED-000160,ICICI Bank Limited,75213.76,2026-06-04,RZP9239926452,Subscription charge RZP9239926452
LED-000161,SWIGGY BUNDL TECHNOLOGIES PRIVATE LIMITED,91349.13,2026-05-25,RZP1917079278,Service fee RZP1917079278
LED-000162,PhonePe Pvt Ltd,168293.47,2026-02-05,RZP6267709445,Order settlement RZP6267709445
LED-000163,TATA CONSULTANCY SERVICES,197711.62,2026-04-03,RZP7859126165,Subscription charge RZP7859126165
LED-000164,Swiggy Bundl Technologies Private Limited,241707.76,2026-03-26,RZP9402555543,Payment for invoice RZP9402555543
LED-000165,Ola Cabs Private Limited,37813.62,2026-01-07,RZP4290873375,Service fee RZP4290873375
LED-000166,Flipkart Internet Private Limited,180540.19,2026-04-26,RZP3381866192,Merchant settlement batch RZP3381866192
LED-000167,Zomato Limited,140028.26,2026-04-29,RZP2416406153,Order settlement RZP2416406153
LED-000168,Adani Enterprises Limited,188118.53,2026-01-17,RZP5753116493,Order settlement RZP5753116493
LED-000169,Cred Dreamplug Technologies Private Limited,28690.88,2026-04-01,RZP8687260113,Vendor payout RZP8687260113
LED-000170,ICICI Bank Limited,127779.59,2026-04-18,RZP5544599112,Vendor payout RZP5544599112
LED-000171,Flipkart Internet Private Limited,154909.58,2026-04-02,RZP9413564474,Vendor payout RZP9413564474
LED-000172,Reliance Industries Limited,199000.84,2026-02-26,RZP2251477511,Service fee RZP2251477511
LED-000173,Nykaa E-Retail Private Limited,135579.54,2026-01-11,RZP7424762802,Service fee RZP7424762802
LED-000174,HDFC Bank Limited,193941.57,2026-03-02,RZP2768646788,Merchant settlement batch RZP2768646788
LED-000176,ICICI Bank Limited,175401.42,2026-02-03,RZP2787645244,Order settlement RZP2787645244
LED-000177,Infsoys Limited,100802.27,2026-03-13,RZP6844588096,Order settlement RZP6844588096
LED-000178,Infosys Limited,198950.13,2026-04-12,RZP2422835543,Payment for invoice RZP2422835543
LED-000179,Tata Consultancy Services,25028.75,2026-04-28,RZP0914949983,Payment for invoice RZP0914949983
LED-000180,Nykaa E-Retail Private Limited,62709.76,2026-04-06,RZP6606774002,Payment for invoice RZP6606774002
LED-000181,Wipro Limited,129933.15,2026-04-24,RZP0689410371,Order settlement RZP0689410371
LED-000182,Mahindra & Mahindra Limited,34411.75,2026-02-04,RZP6605613279,Order settlement RZP6605613279
LED-000183,Larsen & Toubro Limited,21809.01,2026-01-26,RZP1173472626,Vendor payout RZP1173472626
LED-000184,Reliance Industries Limited,211995.84,2026-06-18,RZP8261367723,Vendor payout RZP8261367723
LED-000185,Meesho Fashnear Technologies,17892.35,2026-01-04,RZP9918536797,Vendor payout RZP9918536797
LED-000186,Reliance Industries Limited,65656.99,2026-01-11,RZP9932774465,Merchant settlement batch RZP9932774465
LED-000187,Mahindra & Mahindra Limited,19893.54,2026-02-22,RZP9135766349,Payment for invoice RZP9135766349
LED-000188,Infosys Limited,231168.24,2026-01-30,RZP4637717719,Merchant settlement batch RZP4637717719
LED-000189,ADANI ENTERPRISES LIMITED,41865.69,2026-02-02,RZP7871834529,Service fee RZP7871834529
LED-000190,Flipkart Internet Private Limited,127768.85,2026-01-15,RZP4532157250,Service fee RZP4532157250
LED-000191,BigBasket Innovative Retail Concepts,91089.53,2026-02-08,RZP1908762293,Payment for invoice RZP1908762293
LED-000192,HDFC BANK LIMITED,125584.93,2026-01-14,RZP1899042835,Service fee RZP1899042835
LED-000193,Mahindra & Mahindra Limited,141017.11,2026-03-19,RZP7239977571,Vendor payout RZP7239977571
LED-000195,ICICI Bank Ltd,177956.37,2026-01-24,RZP0284847556,Merchant settlement batch RZP0284847556
LED-000196,Cred Dreamplug Technologies Private Limited,15711.37,2026-06-19,RZP9223877320,Payment for invoice RZP9223877320
LED-000197,Cred Dreamplug Technologies Private Limited,27376.86,2026-01-28,RZP1445923211,Payment for invoice RZP1445923211
LED-000198,Meesho Fashnear Technologies,10226.4,2026-03-25,RZP1793028198,Payment for invoice RZP1793028198
LED-000199,WIPRO,23817.11,2026-01-27,RZP8108918366,Merchant settlement batch RZP8108918366
LED-000200,Infosys Limited,5596.78,2026-01-17,RZP1680881909,Merchant settlement batch RZP1680881909
LED-000201,Swiggy Bundl Technologies Private Limited,124107.18,2026-04-08,RZP6121280622,Order settlement RZP6121280622
LED-000202,Innovative Retail Concepts,15385.62,2026-03-13,RZP3467295037,Service fee RZP3467295037
LED-000203,BigBasket Innovative Retail Concepts,86106.92,2026-05-25,RZP5313287095,Payment for invoice RZP5313287095
LED-000204,Wipro Limited,243498.87,2026-01-26,RZP2257779593,Vendor payout RZP2257779593
LED-000205,Cred Dreamplug Technologies Private Limited,79603.39,2026-06-28,RZP3573519889,Subscription charge RZP3573519889
LED-000206,BigBasket Innovative Retail Concepts,9635.24,2026-01-15,RZP2250921798,Merchant settlement batch RZP2250921798
LED-000207,ICICI Bank Limited,146714.3,2026-02-06,RZP7889393131,Subscription charge RZP7889393131
LED-000208,PhonePe Private Limited,197991.85,2026-05-05,RZP6196972513,Vendor payout RZP6196972513
LED-000209,AIRTEL,182248.41,2026-06-29,RZP9399069925,Subscription charge RZP9399069925
LED-000210,Infosys Limited,59613.28,2026-03-23,RZP1807684220,Merchant settlement batch RZP1807684220
LED-000211,Reliance Industries Limited,12179.64,2026-04-23,RZP7984351486,Payment for invoice RZP7984351486
LED-000213,BigBasket Innovative Retail Concepts,176170.49,2026-04-21,RZP9181121677,Vendor payout RZP9181121677
LED-000214,Mahindra & Mahindra Limited,59501.44,2026-01-13,RZP3540008640,Order settlement RZP3540008640
LED-000215,Mahindra & Mahindra Limited,244267.87,2026-05-02,RZP8334605183,Subscription charge RZP8334605183
LED-000216,Flipkart Internet Private Limited,116344.73,2026-02-27,RZP8516068472,Merchant settlement batch RZP8516068472
LED-000217,Ola Cabs Private Limited,104745.22,2026-05-18,RZP6952238055,Service fee RZP6952238055
LED-000218,MEESHO FASHNEAR TECHNOLOGIES,36989.8,2026-04-25,RZP1998149496,Subscription charge RZP1998149496
LED-000219,Infosys Limited,21893.81,2026-05-23,RZP3324876544,Merchant settlement batch RZP3324876544
LED-000220,Cred Dreamplug Technologies Private Limited,189630.59,2026-01-26,RZP9512534346,Order settlement RZP9512534346
LED-000221,Swiggy Bundl Technologies Private Limited,36091.59,2026-06-05,RZP6438604233,Merchant settlement batch RZP6438604233
LED-000222,BigBasket Innovative Retail Concepts,214579.96,2026-06-25,RZP0819482461,Subscription charge RZP0819482461
LED-000223,PhonePe Private Limited,185275.06,2026-05-13,RZP8851351880,Subscription charge RZP8851351880
LED-000224,Larsen & Toubro Limited,209268.62,2026-03-05,RZP0031343962,Subscription charge RZP0031343962
LED-000225,Bharti Airtel Limited,240136.02,2026-05-02,RZP5318762315,Merchant settlement batch RZP5318762315
LED-000226,WIPRO,169472.16,2026-03-10,RZP6589641182,Subscription charge RZP6589641182
LED-000227,Mahindra & Mahindra Limited,178228.21,2026-06-14,RZP2884235650,Vendor payout RZP2884235650
LED-000228,Nykaa E-Retail Private Limited,140430.06,2026-06-02,RZP6210968278,Order settlement RZP6210968278
LED-000229,Ola Cabs Private Limited,191403.78,2026-01-15,RZP8866676924,Payment for invoice RZP8866676924
LED-000230,Cred Dreamplug Technologies Private Limited,177061.03,2026-05-27,RZP8376649331,Service fee RZP8376649331
LED-000231,Bharti Airtel Limited,73551.95,2026-05-01,RZP1287163037,Vendor payout RZP1287163037
LED-000232,Zomato Limtied,93014.86,2026-05-30,RZP2848590858,Merchant settlement batch RZP2848590858
LED-000234,Zomato Limited,158679.57,2026-01-02,RZP4275177144,Payment for invoice RZP4275177144
LED-000235,Swiggy Bundl Technologies Private Limited,1316.58,2026-05-17,RZP1303816626,Vendor payout RZP1303816626
LED-000236,HDFC Bank Limited,95980.09,2026-05-31,RZP3009455461,Order settlement RZP3009455461
LED-000237,Larsen & Toubro Limited,41346.14,2026-04-14,RZP0292051773,Merchant settlement batch RZP0292051773
LED-000238,Urban Company Technologies Private Limited,155840.22,2026-06-02,RZP9660643541,Order settlement RZP9660643541
LED-000239,Reliance Industries Limited,75383.95,2026-06-19,RZP1567485627,Service fee RZP1567485627
LED-000240,Larsen & Toubro Limited,194523.04,2026-05-14,RZP9341596420,Order settlement RZP9341596420
LED-000241,Cred Dreamplug Technologies Pvt Ltd,167305.13,2026-02-08,RZP9707964920,Payment for invoice RZP9707964920
LED-000242,Mahindra & Mahindra Limited,90149.63,2026-06-23,RZP3707086134,Subscription charge RZP3707086134
LED-000243,Infosys Limited,93249.64,2026-03-29,RZP1492387671,Service fee RZP1492387671
LED-000244,Bharti Airtel Limited,26062.72,2026-06-01,RZP4546768878,Service fee RZP4546768878
LED-000245,HDFC Bank Limited,221915.34,2026-04-23,RZP0237675596,Subscription charge RZP0237675596
LED-000246,Meesho Fashnear Technologies,23946.25,2026-06-19,RZP7466188609,Service fee RZP7466188609
LED-000247,BigBasket Innovative Retail Concepts,217373.5,2026-01-20,RZP7332553804,Merchant settlement batch RZP7332553804
LED-000248,BigBasket Innovative Retail Concepts,111849.97,2026-01-31,RZP9704058796,Order settlement RZP9704058796
LED-000249,Flipkart Internet Private Limited,237596.23,2026-04-04,RZP8883757340,Service fee RZP8883757340
LED-000250,Zomato Limited,88881.47,2026-06-12,RZP9257011771,Order settlement RZP9257011771
LED-000251,HDFC Bank Limited,232564.53,2026-04-11,RZP2813706618,Subscription charge RZP2813706618
LED-000252,Ola Cabs Private Limited,33788.81,2026-05-08,RZP0754597961,Vendor payout RZP0754597961
LED-000253,Meesho Fashnear Technologies,151599.27,2026-03-24,RZP5399729941,Vendor payout RZP5399729941
LED-000254,Ola Cabs Private Limited,74833.45,2026-06-29,RZP5375227691,Payment for invoice RZP5375227691
LED-000255,Bharti Airtel Limited,126047.78,2026-06-27,RZP6775597685,Vendor payout RZP6775597685
LED-000256,Ola Cabs Private Limited,26751.65,2026-04-08,RZP1617122862,Payment for invoice RZP1617122862
LED-000257,Nykaa E-Retail Private Limited,203534.45,2026-01-27,RZP6652635766,Merchant settlement batch RZP6652635766
LED-000258,Swiggy Bundl Technologies Private Limited,104229.07,2026-06-25,RZP3502678897,Merchant settlement batch RZP3502678897
LED-000259,Cred Dreamplug Technologies Private Limited,136721.79,2026-06-04,RZP1714909710,Subscription charge RZP1714909710
LED-000260,ICICI Bk,40358.07,2026-03-07,RZP0490957683,Payment for invoice RZP0490957683
LED-000261,Infosys Limited,196040.26,2026-03-23,RZP5957154386,Order settlement RZP5957154386
LED-000262,Larsen & Toubro Limited,237584.52,2026-06-08,RZP5989064966,Vendor payout RZP5989064966
LED-000263,Zomato Limited,95435.95,2026-01-30,RZP3529838408,Order settlement RZP3529838408
LED-000264,Infosys Limited,237060.72,2026-02-12,RZP9756262682,Order settlement RZP9756262682
LED-000265,PhonePe Private Limtied,161693.31,2026-01-19,RZP7143007552,Vendor payout RZP7143007552
LED-000266,Flipkart Internet Private Limited,157609.78,2026-04-21,RZP3310707083,Vendor payout RZP3310707083
LED-000267,Mahindra & Mahindra Limited,151700.48,2026-03-14,RZP7436451375,Vendor payout RZP7436451375
LED-000268,Nykaa E-Retail Private Limited,239354.3,2026-01-03,RZP5510559379,Service fee RZP5510559379
LED-000269,Ola Cabs Private Limited,35742.41,2026-02-17,RZP2811788994,Payment for invoice RZP2811788994
LED-000270,INFY,62784.3,2026-02-20,RZP7431616934,Subscription charge RZP7431616934
LED-000271,Cred Dreamplug Technologies Private Limited,38225.88,2026-05-26,RZP3340227481,Order settlement RZP3340227481
LED-000272,BigBasket Innovative Retail Concepts,115792.67,2026-04-02,RZP7416028817,Vendor payout RZP7416028817
LED-000273,Infosys Limited,223042.48,2026-05-10,RZP6857202856,Service fee RZP6857202856
LED-000274,Wipro Limited,222875.67,2026-05-31,RZP7245356886,Service fee RZP7245356886
LED-000275,ICICI Bank Limited,111638.18,2026-02-15,RZP5581790722,Service fee RZP5581790722
LED-000276,Larsen & Toubro Limited,129543.62,2026-04-03,RZP3980619627,Subscription charge RZP3980619627
LED-000277,Bharti Airtel Limited,94258.39,2026-04-07,RZP3685395384,Service fee RZP3685395384
LED-000278,Reliance Industries Limited,125533.97,2026-02-05,RZP4252116864,Payment for invoice RZP4252116864
LED-000279,BigBasket Innovative Retail Concepts,168856.07,2026-05-03,RZP2180051605,Payment for invoice RZP2180051605
LED-000280,Bharti Airtel Limited,129232.68,2026-04-14,RZP5507620498,Payment for invoice RZP5507620498
LED-000281,PhonePe Private Limited,150269.55,2026-05-30,RZP8162734523,Subscription charge RZP8162734523
LED-000282,Ola Cabs Private Limited,214918.98,2026-05-10,RZP6861958570,Merchant settlement batch RZP6861958570
LED-000283,Meesho Fashnear Technologies,134890.6,2026-01-01,RZP8765305287,Vendor payout RZP8765305287
LED-000284,Cred Dreamplug Technologies Private Limited,24564.57,2026-02-04,RZP2790552070,Order settlement RZP2790552070
LED-000285,Reliance Industries Limited,93851.22,2026-02-22,RZP6331628432,Payment for invoice RZP6331628432
LED-000286,Larsen & Toubro Limited,103395.06,2026-05-23,RZP4352337786,Merchant settlement batch RZP4352337786
LED-000287,Bharti Airtel Limited,25204.61,2026-05-11,RZP4356719001,Subscription charge RZP4356719001
LED-000288,Infosys Limited,65883.54,2026-04-05,RZP0039657598,Service fee RZP0039657598
LED-000289,Reliance Industries Limited,50546.55,2026-06-18,RZP9517566636,Merchant settlement batch RZP9517566636
LED-000290,Adani Enterprises Limited,194951.27,2026-04-01,RZP6420795755,Vendor payout RZP6420795755
LED-000291,Adani Enterprises Limited,56689.93,2026-02-19,RZP4401555315,Merchant settlement batch RZP4401555315
LED-000292,Cred Dreamplug Technologies Private Limited,62647.85,2026-04-24,RZP9577944501,Order settlement RZP9577944501
LED-000293,Wipro Limited,169276.71,2026-02-28,RZP8435722373,Payment for invoice RZP8435722373
LED-000294,BigBasket Innovative Retail Concepts,78571.11,2026-02-25,RZP8296941782,Subscription charge RZP8296941782
LED-000295,Meesho Fashnear Technologies,89103.44,2026-01-28,RZP1094089833,Vendor payout RZP1094089833
LED-000296,BigBasket Innovative Retail Concepts,45840.54,2026-05-11,RZP2250745536,Service fee RZP2250745536
LED-000297,HDFC Bank Limited,174606.41,2026-04-28,RZP3063138122,Service fee RZP3063138122
LED-000298,Bharti Airtel Limited,124767.69,2026-02-23,RZP4734459687,Subscription charge RZP4734459687
LED-000299,Swiggy Bundl Technologies Private Limited,49136.39,2026-02-08,RZP4041865342,Subscription charge RZP4041865342
LED-000300,HDFC Bank Limited,172682.21,2026-01-16,RZP2280723583,Service fee RZP2280723583
LED-000301,Meesho Fashnear Technologies,49859.68,2026-05-28,RZP6592357406,Order settlement RZP6592357406
LED-000302,ICICI Bank Limited,217084.17,2026-06-13,RZP8365801232,Merchant settlement batch RZP8365801232
LED-000303,Swiggy Bundl Technologies Private Limited,67921.34,2026-04-24,RZP7975418122,Payment for invoice RZP7975418122
LED-000304,Infosys Limited,52761.29,2026-04-12,RZP1085037021,Service fee RZP1085037021
LED-000305,Swiggy Bundl Technologies Private Limited,77446.26,2026-03-05,RZP7415103984,Subscription charge RZP7415103984
LED-000306,Urban Company Technologies Private Limited,111294.51,2026-06-28,RZP5547846594,Service fee RZP5547846594
LED-000307,Flipkart Internet Private Limited,77070.87,2026-04-16,RZP2308834099,Subscription charge RZP2308834099
LED-000308,PhonePe Private Limited,199521.5,2026-06-02,RZP2034531733,Order settlement RZP2034531733
LED-000309,Wipro Limited,129225.02,2026-06-06,RZP8627848126,Service fee RZP8627848126
LED-000310,Meesho Fashnear Technologies,123075.2,2026-03-24,RZP0051127721,Payment for invoice RZP0051127721
LED-000311,PhonePe Private Limited,77997.43,2026-05-08,RZP9473890704,Vendor payout RZP9473890704
LED-000312,ADANI ENTERPRISES LIMITED,204340.09,2026-01-04,RZP1727470475,Subscription charge RZP1727470475
LED-000313,Mahindra & Mahindra Limited,234063.38,2026-02-10,RZP6095261882,Payment for invoice RZP6095261882
LED-000314,PhonePe Private Limited,81229.69,2026-02-12,RZP7532956617,Payment for invoice RZP7532956617
LED-000315,Infosys Limited,171533.27,2026-03-28,RZP9960677129,Subscription charge RZP9960677129
LED-000316,Flipkart Internet Private Limited,183337.23,2026-01-06,RZP6318442611,Merchant settlement batch RZP6318442611
LED-000317,Flipkart Internet Private Limited,68939.82,2026-06-03,RZP9501223063,Service fee RZP9501223063
LED-000318,Meesho Fashnear Technologies,214228.8,2026-06-08,RZP2765354563,Order settlement RZP2765354563
LED-000319,HDFC Bank Limited,130871.65,2026-01-18,RZP0910110634,Subscription charge RZP0910110634
LED-000320,Adani Ent Ltd,12414.04,2026-02-26,RZP6092480805,Subscription charge RZP6092480805
LED-000321,Tata Consultancy Services,205937.2,2026-03-10,RZP5780251231,Order settlement RZP5780251231
LED-000322,Bharti Airtel Limited,139672.11,2026-05-23,RZP4163468114,Service fee RZP4163468114
LED-000323,Urban Company Technologies Private Limited,249608.63,2026-04-24,RZP9959846832,Merchant settlement batch RZP9959846832
LED-000324,Urban Company Technologies Private Limited,231547.81,2026-03-07,RZP3490020180,Payment for invoice RZP3490020180
LED-000325,Zomato Limited,5572.09,2026-06-26,RZP8955504128,Vendor payout RZP8955504128
LED-000326,Mahindra & Mahindra Limited,23112.49,2026-04-13,RZP5203448780,Payment for invoice RZP5203448780
LED-000327,Cred Dreamplug Technologies Private Limited,95479.3,2026-01-15,RZP9384917789,Vendor payout RZP9384917789
LED-000328,Swiggy Bundl Technologies Private Limited,13673.87,2026-05-15,RZP0515207345,Subscription charge RZP0515207345
LED-000329,PhonePe Private Limited,72552.29,2026-04-11,RZP1347523467,Vendor payout RZP1347523467
LED-000330,BigBasket Innovative Retail Concepts,98920.4,2026-05-27,RZP1672073906,Vendor payout RZP1672073906
LED-000331,Larsen & Toubro Limited,80286.48,2026-06-02,RZP6713886492,Order settlement RZP6713886492
LED-000332,Infosys Limited,28226.08,2026-01-14,RZP2618238343,Payment for invoice RZP2618238343
LED-000333,Larsen & Toubro Limited,136674.09,2026-03-08,RZP5696639520,Order settlement RZP5696639520
LED-000335,Ola Cabs Private Limited,244156.49,2026-01-26,RZP9450195709,Merchant settlement batch RZP9450195709
LED-000336,Swiggy Bundl Technologies Private Limited,186136.02,2026-01-05,RZP3362958688,Service fee RZP3362958688
LED-000337,Adani Enteprrises Limited,56511.84,2026-03-29,RZP8603966221,Vendor payout RZP8603966221
LED-000338,Zomato Limited,112374.92,2026-02-03,RZP2158837519,Order settlement RZP2158837519
LED-000339,Cred Dreamplug Technologies Private Limited,229290.46,2026-03-23,RZP0571810399,Order settlement RZP0571810399
LED-000340,Adani Enterprises Limited,38116.47,2026-02-18,RZP1176252263,Subscription charge RZP1176252263
LED-000341,ICICI Bank Limited,125655.8,2026-06-04,RZP4613412499,Subscription charge RZP4613412499
LED-000342,Larsen & Toubro Limited,189480.48,2026-01-17,RZP1946688476,Service fee RZP1946688476
LED-000344,Tata Consultancy Services,139491.58,2026-05-13,RZP7914872129,Payment for invoice RZP7914872129
LED-000345,ICICI Bank Limited,115975.2,2026-06-15,RZP4717961441,Vendor payout RZP4717961441
LED-000346,Larsen & Toubro Limited,220654.73,2026-01-24,RZP2697711435,Merchant settlement batch RZP2697711435
LED-000347,Ola Cabs Private Limited,153076.32,2026-02-10,RZP3379561817,Service fee RZP3379561817
LED-000348,Flipkart Internet Pvt Ltd,72301.82,2026-02-16,RZP1126248508,Merchant settlement batch RZP1126248508
LED-000349,BigBasket Innovative Retail Concepts,113516.56,2026-04-24,RZP0625658016,Subscription charge RZP0625658016
LED-000350,Tata Consultancy Services,166799.09,2026-06-04,RZP2904166657,Vendor payout RZP2904166657
LED-000351,Cred Dreamplug Technologies Private Limited,90143.13,2026-01-10,RZP0233045216,Vendor payout RZP0233045216
LED-000352,PhonePe Private Limited,131232.86,2026-06-28,RZP2059507677,Order settlement RZP2059507677
LED-000353,Zomato Limited,65026.06,2026-05-28,RZP9315564167,Merchant settlement batch RZP9315564167
LED-000354,Reliance Industries Limited,116301.68,2026-01-31,RZP7264038266,Service fee RZP7264038266
LED-000355,Mahindra & Mahindra Limited,75175.96,2026-05-21,RZP3063760133,Merchant settlement batch RZP3063760133
LED-000356,BigBasket Innovative Retail Concepts,199344.01,2026-06-15,RZP1148848905,Service fee RZP1148848905
LED-000357,Zomato Limited,138861.03,2026-01-05,RZP2678392096,Order settlement RZP2678392096
LED-000358,Swiggy Bundl Technologies Private Limited,46966.62,2026-01-30,RZP8773044249,Service fee RZP8773044249
LED-000359,Bharti Airtel Limited,28190.98,2026-01-10,RZP7940451975,Vendor payout RZP7940451975
LED-000360,HDFC Bank Limited,205561.31,2026-05-13,RZP6174750965,Subscription charge RZP6174750965
LED-000361,TATA CONSULTANCY SERVICES,25910.24,2026-06-18,RZP7076222576,Merchant settlement batch RZP7076222576
LED-000362,Adani Enterprises Limited,28747.93,2026-06-09,RZP5155298513,Service fee RZP5155298513
LED-000363,Tata Consultancy Services,32648.99,2026-05-01,RZP9030378664,Service fee RZP9030378664
LED-000364,Larsen & Toubro Limited,178267.74,2026-06-21,RZP8097508603,Payment for invoice RZP8097508603
LED-000365,Flipkart Internet Private Limited,117715.89,2026-02-27,RZP1823193834,Subscription charge RZP1823193834
LED-000366,Nykaa E-Retail Private Limited,119741.22,2026-02-13,RZP2355471503,Service fee RZP2355471503
LED-000367,PhonePe Private Limited,59758.04,2026-03-04,RZP5933857475,Merchant settlement batch RZP5933857475
LED-000368,Infosys Limited,184880.86,2026-05-27,RZP8153043456,Service fee RZP8153043456
LED-000369,Swiggy Bundl Technologies Private Limited,81952.95,2026-06-15,RZP6088960115,Service fee RZP6088960115
LED-000371,Swiggy Bundl Technologies Private Limited,211932.04,2026-03-17,RZP0990591204,Merchant settlement batch RZP0990591204
LED-000372,Zomato Limited,177986.65,2026-04-14,RZP3564139819,Service fee RZP3564139819
LED-000373,Reliance Industries Limited,18075.74,2026-01-05,RZP1869118886,Merchant settlement batch RZP1869118886
LED-000374,Flipkart Internet Private Limited,127427.32,2026-05-22,RZP8324047729,Order settlement RZP8324047729
LED-000375,Tata Consultancy Services,142102.17,2026-04-05,RZP1461799740,Service fee RZP1461799740
LED-000376,BIGBASKET INNOVATIVE RETAIL CONCEPTS,157721.11,2026-06-19,RZP9067303745,Subscription charge RZP9067303745
LED-000377,Zomato Limited,105340.87,2026-03-17,RZP2097750410,Order settlement RZP2097750410
LED-000378,Meesho Fashnear Technologies,6970.43,2026-05-05,RZP0582128011,Order settlement RZP0582128011
LED-000379,Flipkart Internet Private Limited,92536.24,2026-02-14,RZP2747830191,Payment for invoice RZP2747830191
LED-000380,PHONEPE PRIVATE LIMITED,192626.39,2026-03-02,RZP6715802804,Merchant settlement batch RZP6715802804
LED-000381,Urban Company Technologies Private Limited,58530.28,2026-06-24,RZP7418094696,Service fee RZP7418094696
LED-000382,Urban Company Technologies Private Limited,159410.42,2026-04-21,RZP6622825462,Service fee RZP6622825462
LED-000383,Larsen & Toubro Limited,130060.09,2026-06-23,RZP6156800142,Subscription charge RZP6156800142
LED-000384,Tata Consultancy Services,6071.56,2026-01-24,RZP0582519063,Subscription charge RZP0582519063
LED-000385,Cred Dreamplug Technologies Private Limited,200829.54,2026-02-17,RZP8624969249,Merchant settlement batch RZP8624969249
LED-000386,Adani Enterprises Limited,40617.21,2026-01-19,RZP2039281092,Merchant settlement batch RZP2039281092
LED-000387,BigBasket Innovative Retail Concepts,27241.35,2026-05-19,RZP7269710524,Subscription charge RZP7269710524
LED-000388,Reliance Industries Limited,233233.5,2026-06-20,RZP3133077447,Order settlement RZP3133077447
LED-000389,Reliance Industries Limited,96198.3,2026-06-26,RZP8459364690,Service fee RZP8459364690
LED-000390,Zomato Ltd,20252.13,2026-04-28,RZP7225962316,Order settlement RZP7225962316
LED-000391,Flipkart Internet Private Limited,183870.75,2026-02-05,RZP0092376498,Subscription charge RZP0092376498
LED-000392,Tata Consult Services,84528.99,2026-01-11,RZP4265985720,Service fee RZP4265985720
LED-000393,Reliance Industries Limited,117884.23,2026-06-08,RZP0711037415,Service fee RZP0711037415
LED-000394,Meesho Fashnear Technologies,199823.93,2026-02-26,RZP0238741653,Subscription charge RZP0238741653
LED-000395,Cred Dreamplug Technologies Private Limited,43485.9,2026-01-17,RZP1146549008,Merchant settlement batch RZP1146549008
LED-000396,Bharti Airtel Limited,4055.24,2026-05-05,RZP0097526741,Merchant settlement batch RZP0097526741
LED-000397,Ola Cabs Private Limited,112687.22,2026-03-03,RZP9601496730,Subscription charge RZP9601496730
LED-000398,Ola Cabs Private Limited,244201.35,2026-06-08,RZP3752762176,Vendor payout RZP3752762176
LED-000399,BHARTI AIRTEL LIMITED,167585.14,2026-01-12,RZP0322684105,Vendor payout RZP0322684105
LED-000400,BigBasket Innovative Retail Concepts,128798.69,2026-01-19,RZP8753163730,Merchant settlement batch RZP8753163730
LED-000402,Larsen & Toubro Limited,84072.45,2026-01-09,RZP6018413867,Service fee RZP6018413867
LED-000403,Bharti Airtel Limited,144593.64,2026-05-22,RZP8084958277,Subscription charge RZP8084958277
LED-000404,PhonePe Private Limited,144929.84,2026-06-01,RZP9984097543,Service fee RZP9984097543
LED-000405,Flipkart Internet Private Limited,123896.97,2026-01-22,RZP5079126043,Order settlement RZP5079126043
LED-000406,Cred Dreamplug Technologies Private Limited,186859.58,2026-01-07,RZP9417186706,Subscription charge RZP9417186706
LED-000407,Zomato Limited,132800.44,2026-03-17,RZP4295770870,Service fee RZP4295770870
LED-000408,Tata Consultanc yServices,27874.99,2026-04-04,RZP4036757135,Payment for invoice RZP4036757135
LED-000409,Cred Dreamplug Technologies Private Limited,217802.18,2026-06-29,RZP2723262034,Payment for invoice RZP2723262034
LED-000410,BigBasket Innovative Retail Concepts,177499.85,2026-06-23,RZP8843669818,Merchant settlement batch RZP8843669818
LED-000411,Bharti Airtel Limited,72199.92,2026-01-20,RZP1264856295,Subscription charge RZP1264856295
LED-000412,PHONEPE PRIVATE LIMITED,111048.43,2026-06-15,RZP0108853567,Vendor payout RZP0108853567
LED-000413,Ola Cabs Pvt Ltd,210500.68,2026-04-24,RZP4583723281,Order settlement RZP4583723281
LED-000414,Bharti Airtel Ltd,154714.76,2026-02-11,RZP7298661203,Service fee RZP7298661203
LED-000415,Nykaa E-Retail Private Limited,46246.47,2026-05-24,RZP7691495109,Merchant settlement batch RZP7691495109
LED-000416,Flipkart Internet Private Limited,231963.65,2026-02-09,RZP0793742995,Payment for invoice RZP0793742995
LED-000417,Flipkart Internet Ltd,84770.3,2026-01-29,RZP7915348400,Merchant settlement batch RZP7915348400
LED-000418,Ola Cabs Private Limited,55652.64,2026-03-13,RZP1086993465,Merchant settlement batch RZP1086993465
LED-000419,Nykaa E-Retail Private Limited,99479.87,2026-04-20,RZP3323980749,Merchant settlement batch RZP3323980749
LED-000420,PhonePe Private Limited,182192.09,2026-04-17,RZP1502489097,Order settlement RZP1502489097
LED-000421,Adani Enterprises Limited,103716.33,2026-05-23,RZP4591824835,Merchant settlement batch RZP4591824835
LED-000422,Flipkart Internet Private Limited,56246.38,2026-01-01,RZP1366162196,Merchant settlement batch RZP1366162196
LED-000423,Adani Enterprises Limited,123338.6,2026-01-18,RZP5344269837,Merchant settlement batch RZP5344269837
LED-000424,Bharti Airtel Limited,145476.38,2026-02-07,RZP3811249325,Order settlement RZP3811249325
LED-000425,Bharti Airtel Limited,191207.64,2026-06-03,RZP7588636605,Vendor payout RZP7588636605
LED-000426,Ola Cabs Private Limited,70462.23,2026-05-05,RZP4912587569,Vendor payout RZP4912587569
LED-000427,HDFC Bank Limited,104423.96,2026-01-20,RZP1103614959,Payment for invoice RZP1103614959
LED-000428,Reliance Industries Ltd,186153.39,2026-01-31,RZP2812110670,Order settlement RZP2812110670
LED-000429,PhonePe Private Limited,10772.86,2026-01-28,RZP0654903001,Merchant settlement batch RZP0654903001
LED-000430,Larsen & Toubro Limited,46317.74,2026-03-31,RZP0172538765,Service fee RZP0172538765
LED-000431,Cred Dreamplug Technologies Private Limited,190846.52,2026-05-16,RZP2129590257,Order settlement RZP2129590257
LED-000432,Bharti Airtel Limited,110000.51,2026-01-28,RZP1332219111,Merchant settlement batch RZP1332219111
LED-000433,Mahindra & Mahindra Limited,139349.46,2026-01-11,RZP0434768249,Vendor payout RZP0434768249
LED-000434,Infosys Ltd,223704.45,2026-05-02,RZP9306635613,Service fee RZP9306635613
LED-000435,HDFC Bank Limited,185396.83,2026-02-13,RZP0935918727,Order settlement RZP0935918727
LED-000436,Swiggy Bundl Technologies Private Limited,89120.91,2026-06-20,RZP6442712461,Subscription charge RZP6442712461
LED-000437,Infosys Limited,124609.01,2026-01-07,RZP9361600777,Subscription charge RZP9361600777
LED-000438,BigBasket Innovative Retail Concepts,122639.05,2026-03-08,RZP5850798148,Subscription charge RZP5850798148
LED-000439,Tata Consultancy Services,44340.76,2026-06-18,RZP8374174166,Subscription charge RZP8374174166
LED-000440,BigBasket Innovative Retail Concepts,119056.38,2026-02-10,RZP5349639300,Merchant settlement batch RZP5349639300
LED-000441,Cred Dreamplug Technologies Private Limited,6870.93,2026-06-10,RZP3033362659,Merchant settlement batch RZP3033362659
LED-000442,HDFC Bank Limited,84497.93,2026-01-06,RZP5064540403,Subscription charge RZP5064540403
LED-000443,Cred Dreamplug Technologies Private Limited,24566.76,2026-05-06,RZP1635736344,Subscription charge RZP1635736344
LED-000444,Urban Company Technologies Private Limited,53637.91,2026-03-09,RZP0942708030,Merchant settlement batch RZP0942708030
LED-000445,Larsen & Toubro Limited,86927.02,2026-01-20,RZP6384524647,Service fee RZP6384524647
LED-000446,Ola Cabs Private Limited,215698.05,2026-05-28,RZP4689268899,Merchant settlement batch RZP4689268899
LED-000447,Ola Cabs Private Limited,50281.91,2026-04-29,RZP1163438024,Merchant settlement batch RZP1163438024
LED-000448,Adan iEnterprises Limited,171760.7,2026-03-02,RZP4112845460,Subscription charge RZP4112845460
LED-000449,Reliance Industries Limited,64710.45,2026-03-13,RZP6189408068,Order settlement RZP6189408068
LED-000450,Infosys Limited,99314.23,2026-02-05,RZP2551657540,Payment for invoice RZP2551657540
LED-000451,Zomato Limited,82422.08,2026-05-30,RZP7879212248,Service fee RZP7879212248
LED-000452,Nykaa E-Retail Private Limited,174949.49,2026-01-29,RZP3469893780,Order settlement RZP3469893780
LED-000453,Tata Consultancy Services,172717.01,2026-06-21,RZP2539381883,Vendor payout RZP2539381883
LED-000454,Adani Enterprises Limited,75326.9,2026-03-02,RZP2814386720,Service fee RZP2814386720
LED-000455,BigBasket Innovative Retail Concepts,184274.95,2026-03-27,RZP7888653687,Subscription charge RZP7888653687
LED-000456,Tata Consultancy Services,160396.99,2026-02-17,RZP6714630159,Subscription charge RZP6714630159
LED-000457,Meesho Fashnear Technologies,171485.48,2026-03-23,RZP4811532033,Payment for invoice RZP4811532033
LED-000458,Cred Dreamplug Technologies Private Limited,56238.11,2026-01-06,RZP9669917144,Payment for invoice RZP9669917144
LED-000459,Nykaa E-Retail Private Limited,42655.2,2026-05-26,RZP1749461718,Vendor payout RZP1749461718
LED-000460,BigBasket Innovative Retail Concepts,95611.07,2026-04-21,RZP8692644122,Order settlement RZP8692644122
LED-000461,Wipro Limited,92503.99,2026-06-25,RZP6048932345,Order settlement RZP6048932345
LED-000462,Tata Consultancy Services,13170.34,2026-03-02,RZP4366878053,Vendor payout RZP4366878053
LED-000463,ICICI Bank Limited,242019.24,2026-05-24,RZP0114340742,Vendor payout RZP0114340742
LED-000464,ICICI Bank Limited,124877.77,2026-03-13,RZP7928672383,Order settlement RZP7928672383
LED-000465,ICICI Bank Limited,138985.33,2026-06-18,RZP6410141418,Merchant settlement batch RZP6410141418
LED-000466,Nykaa E-Retail Private Limited,247206.32,2026-05-24,RZP4488108115,Service fee RZP4488108115
LED-000467,Cred Dreamplug Technologies Private Limited,53217.18,2026-01-02,RZP5540768066,Vendor payout RZP5540768066
LED-000468,HDFC Bank Limited,209268.76,2026-02-09,RZP0474626306,Service fee RZP0474626306
LED-000469,CRED DREAMPLUG TECHNOLOGIES PRIVATE LIMITED,32460.65,2026-01-13,RZP8277560227,Vendor payout RZP8277560227
LED-000470,Larsen & Toubro Limited,40860.73,2026-04-14,RZP2761448361,Subscription charge RZP2761448361
LED-000471,Nykaa E-Retail Private Limited,128236.41,2026-05-06,RZP4326043160,Payment for invoice RZP4326043160
LED-000472,Flipkart Internet Private Limited,169158.54,2026-06-15,RZP6146524941,Merchant settlement batch RZP6146524941
LED-000473,Mahindra & Mahindra Limited,210408.26,2026-05-14,RZP4559554478,Payment for invoice RZP4559554478
LED-000474,Infosys Limited,192196.4,2026-01-05,RZP1611308254,Service fee RZP1611308254
LED-000475,Adani Enterprises Limited,85432.39,2026-02-17,RZP2092640306,Service fee RZP2092640306
LED-000476,Meesho Fashnear Technologies,181518.96,2026-03-19,RZP6936633101,Subscription charge RZP6936633101
LED-000477,Larsen & Toubro Limited,214774.16,2026-02-23,RZP4128850714,Payment for invoice RZP4128850714
LED-000478,ICICI Bank Limited,184734.48,2026-04-24,RZP9485258006,Payment for invoice RZP9485258006
LED-000479,PhonePe Private Limited,212176.77,2026-05-29,RZP5524456684,Payment for invoice RZP5524456684
LED-000480,Reliance Industries Limited,105587.84,2026-03-22,RZP5268166441,Order settlement RZP5268166441
LED-000481,Nykaa E-Retail Private Limited,109611.96,2026-05-10,RZP2936861279,Subscription charge RZP2936861279
LED-000482,Nykaa E-Retail Private Limited,199023.77,2026-02-11,RZP6276116149,Vendor payout RZP6276116149
LED-000483,Urban Company Technologies Private Limited,11905.28,2026-01-05,RZP3261858312,Payment for invoice RZP3261858312
LED-000484,Adani Enterprises Limited,248416.66,2026-04-01,RZP7758886109,Vendor payout RZP7758886109
LED-000485,HDFC Bk,243668.74,2026-06-06,RZP6815511237,Service fee RZP6815511237
LED-000486,Ola Cabs Private Limited,124672.99,2026-01-26,RZP1381297084,Merchant settlement batch RZP1381297084
LED-000487,Infosys Limited,66614.0,2026-04-17,RZP3617428444,Order settlement RZP3617428444
LED-000488,Nykaa E-Retail Private Limited,235943.5,2026-04-24,RZP1089039107,Service fee RZP1089039107
LED-000489,ICICI Bank Limited,225642.41,2026-01-15,RZP9978948787,Merchant settlement batch RZP9978948787
LED-000490,Reliance Industries Limited,206776.84,2026-05-16,RZP6146866438,Subscription charge RZP6146866438
LED-000491,Larsen & Toubro Limited,220261.52,2026-01-22,RZP0377192055,Merchant settlement batch RZP0377192055
LED-000492,Reliance Industries Limited,7118.62,2026-05-19,RZP5277910363,Payment for invoice RZP5277910363
LED-000493,HDFC Bank Limited,112266.91,2026-05-27,RZP7498958655,Service fee RZP7498958655
LED-000494,Cred Dreamplug Technologies Private Limited,168157.59,2026-04-07,RZP5235830780,Payment for invoice RZP5235830780
LED-000495,ICICI Bank Limited,119141.83,2026-04-25,RZP0645785696,Subscription charge RZP0645785696
LED-000496,PhonePe Private Limited,205979.39,2026-02-06,RZP5449556401,Vendor payout RZP5449556401
LED-000497,HDFC Bank Limited,150459.81,2026-04-15,RZP1325133201,Subscription charge RZP1325133201
LED-000498,Mahindra & Mahindra Limited,222280.94,2026-02-25,RZP1705004343,Payment for invoice RZP1705004343
LED-000499,Meesho Fashnear Technologies,33332.48,2026-02-05,RZP5444837642,Payment for invoice RZP5444837642
LED-000500,Tata Consultancy Services,239526.16,2026-04-24,RZP7687577515,Order settlement RZP7687577515
LED-000501,Urban Company Technologies Private Limited,144277.37,2026-01-14,RZP9575065922,Subscription charge RZP9575065922
LED-000503,Urban Company Technologies Private Limited,42163.77,2026-02-06,RZP1719609172,Subscription charge RZP1719609172
LED-000504,PhonePe Private Limited,223268.8,2026-03-08,RZP3812754731,Payment for invoice RZP3812754731
LED-000505,Urban Company Technologies Private Limited,101858.05,2026-05-04,RZP0690551761,Service fee RZP0690551761
LED-000506,Infosys Limited,211592.52,2026-05-09,RZP2939754940,Vendor payout RZP2939754940
LED-000507,Meesho Pvt Ltd,72418.98,2026-02-12,RZP0945833655,Merchant settlement batch RZP0945833655
LED-000508,URBAN COMPANY TECHNOLOGIES PRIVATE LIMITED,140835.93,2026-03-18,RZP0687982588,Payment for invoice RZP0687982588
LED-000509,Flipkart Internet Private Limited,68362.33,2026-06-19,RZP9345066049,Service fee RZP9345066049
LED-000510,Urban Company Technologies Private Limited,223832.75,2026-05-06,RZP7576008663,Payment for invoice RZP7576008663
LED-000511,Nykaa E-Retail Private Limited,96779.75,2026-06-28,RZP9131077671,Service fee RZP9131077671
LED-000512,Wipro Limited,58679.35,2026-05-07,RZP9047609612,Order settlement RZP9047609612
LED-000513,Urban Company Technologies Pvt Ltd,48563.5,2026-05-25,RZP6615719887,Order settlement RZP6615719887
LED-000514,Reliance Industries Limited,247989.05,2026-06-27,RZP6668046683,Vendor payout RZP6668046683
LED-000516,Wipro Limited,244527.19,2026-04-19,RZP9913060407,Subscription charge RZP9913060407
LED-000517,Wipro Limited,27093.99,2026-03-03,RZP9885205404,Order settlement RZP9885205404
LED-000518,Tata Consultancy Services,229191.09,2026-04-07,RZP3801943606,Payment for invoice RZP3801943606
LED-000519,Swiggy Bundl Technologies Private Limited,100510.51,2026-06-08,RZP7256037863,Order settlement RZP7256037863
LED-000520,Flipkart Internet Private Limited,129375.64,2026-05-31,RZP1150715624,Order settlement RZP1150715624
LED-000521,Bharti Airtel Limited,60901.65,2026-01-12,RZP0349738713,Vendor payout RZP0349738713
LED-000522,Reliance Industries Limited,129492.5,2026-06-18,RZP6058841297,Payment for invoice RZP6058841297
LED-000523,BigBasket Innovative Retail Concepts,173741.18,2026-04-30,RZP5359641470,Order settlement RZP5359641470
LED-000524,Wipro Limited,173351.16,2026-04-30,RZP6279372193,Service fee RZP6279372193
LED-000525,Urban Company Technologies Private Limited,28930.04,2026-03-16,RZP4693912221,Order settlement RZP4693912221
LED-000526,Larsen & Toubro Limited,5519.78,2026-03-09,RZP9063719328,Payment for invoice RZP9063719328
LED-000527,ANI Technologies Ola,244278.9,2026-06-09,RZP8801971335,Service fee RZP8801971335
LED-000528,Tata Consultancy Services,190806.13,2026-05-31,RZP1573078898,Vendor payout RZP1573078898
LED-000529,BigBasket Innovative Retail Concepts,197780.66,2026-06-07,RZP0576544336,Payment for invoice RZP0576544336
LED-000530,BigBasket Innovative Retail Concepts,67193.61,2026-04-13,RZP6762842243,Order settlement RZP6762842243
LED-000531,FSN E-Commerce Nykaa,63744.13,2026-01-22,RZP1043546444,Subscription charge RZP1043546444
LED-000532,SWIGGY BUNDL TECHNOLOGIES PRIVATE LIMITED,6325.84,2026-04-24,RZP2630856790,Order settlement RZP2630856790
LED-000533,Urban Company Technologies Private Limited,50196.6,2026-02-20,RZP6277816187,Vendor payout RZP6277816187
LED-000534,Reliance Industries Limited,192553.51,2026-03-14,RZP8744564571,Service fee RZP8744564571
LED-000535,Larsen & Toubro Limited,118688.4,2026-05-13,RZP5548308494,Subscription charge RZP5548308494
LED-000536,URBAN COMPANY TECHNOLOGIES PRIVATE LIMITED,7671.5,2026-02-05,RZP5190883464,Subscription charge RZP5190883464
LED-000537,M&M Ltd,81620.97,2026-01-06,RZP5019957953,Merchant settlement batch RZP5019957953
LED-000538,Swiggy Bundl Technologies Private Limited,16067.76,2026-04-09,RZP1154801506,Merchant settlement batch RZP1154801506
LED-000539,L AND T LIMITED,17512.34,2026-04-09,RZP2260051841,Order settlement RZP2260051841
LED-000540,PhonePe Private Limited,119641.05,2026-01-18,RZP3928386153,Service fee RZP3928386153
LED-000541,Flipkart Internet Private Limited,68968.93,2026-01-02,RZP9486235440,Vendor payout RZP9486235440
LED-000542,Flipkart Internet Private Limited,86793.44,2026-03-18,RZP3884164366,Merchant settlement batch RZP3884164366
LED-000543,Tata Consultancy Services,60037.86,2026-02-10,RZP2629672495,Service fee RZP2629672495
LED-000544,HDFC Bank Limited,126173.05,2026-03-25,RZP4120066433,Service fee RZP4120066433
LED-000545,Reliance Industries Limited,62763.84,2026-02-04,RZP3740529188,Subscription charge RZP3740529188
LED-000546,Meesho Fashnear Technologies,25263.7,2026-03-17,RZP1716024178,Service fee RZP1716024178
LED-000547,Tata Consultancy Services,209149.81,2026-05-14,RZP6783300779,Service fee RZP6783300779
LED-000548,Larsen & Toubro Limited,22982.9,2026-04-18,RZP0086090867,Merchant settlement batch RZP0086090867
LED-000549,HDFC Bank Limited,203933.74,2026-03-24,RZP5125912314,Vendor payout RZP5125912314
LED-000550,Larsen & Toubro Limited,114775.17,2026-01-17,RZP6260847497,Vendor payout RZP6260847497
LED-000551,HDFC Bank Ltd,150026.81,2026-06-11,RZP6696368384,Vendor payout RZP6696368384
LED-000552,Cred Dreamplug Technologies Private Limited,112310.55,2026-05-11,RZP6259268377,Payment for invoice RZP6259268377
LED-000553,ICICI Bank Limited,93724.73,2026-03-17,RZP2362794813,Order settlement RZP2362794813
LED-000554,PhonePe Private Limited,162064.4,2026-03-15,RZP7273209986,Order settlement RZP7273209986
LED-000555,Swigg yBundl Technologies Private Limited,130439.76,2026-02-16,RZP4080161205,Subscription charge RZP4080161205
LED-000556,Infosys Limited,106646.02,2026-04-30,RZP3721224627,Payment for invoice RZP3721224627
LED-000557,Nykaa E-Retail Private Limited,99651.38,2026-02-12,RZP4464194740,Service fee RZP4464194740
LED-000558,ICICI Bank Limited,138280.11,2026-02-14,RZP2443601411,Subscription charge RZP2443601411
LED-000559,Nykaa E-Retail Private Limited,122939.71,2026-04-17,RZP9934654093,Order settlement RZP9934654093
LED-000560,PhonePe Private Limited,239280.65,2026-03-31,RZP5466697208,Subscription charge RZP5466697208
LED-000561,Reliance Industries Limited,174413.23,2026-06-15,RZP1691256110,Order settlement RZP1691256110
LED-000562,Swiggy Bundl Technologies Private Limited,176561.53,2026-01-21,RZP5148239633,Service fee RZP5148239633
LED-000563,Infosys Limited,27452.13,2026-05-27,RZP7317933980,Vendor payout RZP7317933980
LED-000564,PhonePe Private Limited,131311.75,2026-06-17,RZP2411145152,Payment for invoice RZP2411145152
LED-000565,Bharti Airtel Limited,202323.28,2026-02-19,RZP2946681232,Subscription charge RZP2946681232
LED-000567,Adani Enterprises Limited,233042.28,2026-05-02,RZP7636332336,Merchant settlement batch RZP7636332336
LED-000568,HDFC Bank Limited,920.7,2026-06-28,RZP4890159724,Order settlement RZP4890159724
LED-000569,BigBasket Innovative Retail Concepts,128801.26,2026-06-19,RZP1998030834,Service fee RZP1998030834
LED-000570,Meesho Fashnear Technologies,198521.0,2026-03-31,RZP4999897211,Subscription charge RZP4999897211
LED-000571,Ola Cabs Private Limited,8081.68,2026-05-08,RZP7365814162,Vendor payout RZP7365814162
LED-000572,INFOSYS LIMITED,26501.6,2026-01-08,RZP1997224811,Vendor payout RZP1997224811
LED-000573,BigBasket Innovative Retail Concepts,22746.87,2026-06-27,RZP3259039776,Payment for invoice RZP3259039776
LED-000574,PhonePe Private Limited,202140.6,2026-02-27,RZP2213519513,Vendor payout RZP2213519513
LED-000575,Reliance Industrie sLimited,77803.11,2026-06-01,RZP5893367562,Vendor payout RZP5893367562
LED-000576,Flipkart Internet Private Limited,79084.17,2026-03-17,RZP8446168753,Payment for invoice RZP8446168753
LED-000577,Cred Dreamplug Technologies Pvt Ltd,119648.94,2026-02-25,RZP4739382787,Order settlement RZP4739382787
LED-000578,Bharti Airtel Limited,214216.18,2026-04-11,RZP2891034433,Payment for invoice RZP2891034433
LED-000579,M&M Ltd,70698.67,2026-02-19,RZP7503780936,Vendor payout RZP7503780936
LED-000580,BigBasket Innovative Retail Concepts,72876.73,2026-02-07,RZP2816381783,Payment for invoice RZP2816381783
LED-000581,Bharti Airtel Ltd,231507.44,2026-01-25,RZP3491534172,Order settlement RZP3491534172
LED-000582,BigBasket Innovative Retail Concepts,75777.0,2026-06-02,RZP9636767862,Service fee RZP9636767862
LED-000583,Reliance Industries Limited,30132.1,2026-01-22,RZP1692594605,Payment for invoice RZP1692594605
LED-000584,PhonePe Private Limited,74696.08,2026-02-02,RZP0097180558,Order settlement RZP0097180558
LED-000585,Cred Dreamplug Technologies Private Limited,134814.6,2026-06-16,RZP1798151581,Order settlement RZP1798151581
LED-000586,Airtel Ltd,22092.06,2026-03-07,RZP8095354903,Vendor payout RZP8095354903
LED-000587,Mahindra & Mahindra Limited,164840.52,2026-04-24,RZP1439965660,Service fee RZP1439965660
LED-000588,Mahindra & Mahindra Limited,214042.88,2026-02-25,RZP9623160239,Order settlement RZP9623160239
LED-000589,Adani Enterprises Limited,169179.94,2026-06-27,RZP1262667565,Payment for invoice RZP1262667565
LED-000590,ICICI Bank Limited,79192.63,2026-04-22,RZP3922564309,Subscription charge RZP3922564309
LED-000591,Wipro Limited,68520.65,2026-01-26,RZP3931917384,Vendor payout RZP3931917384
LED-000592,Cred Dreamplug Technologies Private Limited,216369.78,2026-05-22,RZP2003718675,Service fee RZP2003718675
LED-000593,ICICI Bank Limited,64876.4,2026-06-25,RZP5113707972,Payment for invoice RZP5113707972
LED-000594,FLIPKART,45898.67,2026-04-01,RZP7524988389,Order settlement RZP7524988389
LED-000595,Infosys Limited,158723.97,2026-01-20,RZP7910754894,Payment for invoice RZP7910754894
LED-000596,ICICI Bank Limited,119992.04,2026-05-12,RZP6651018045,Subscription charge RZP6651018045
LED-000597,Ola Cabs Private Limited,171066.91,2026-01-11,RZP6968520859,Vendor payout RZP6968520859
LED-000598,Bharti Airtel Limited,93414.93,2026-01-29,RZP3688824206,Payment for invoice RZP3688824206
LED-000599,Mahindra & Mahindra Limited,232287.89,2026-06-14,RZP5898800421,Vendor payout RZP5898800421
